<?xml version="1.0" encoding="utf-8"?>
<!DOCTYPE urlrewrite 
	PUBLIC "-//tuckey.org//DTD UrlRewrite 4.0//EN"
	"http://www.tuckey.org/res/dtds/urlrewrite4.0.dtd">
<urlrewrite default-match-type="wildcard" use-query-string="true" use-context="true">
	<rule enabled="true">
		<name>
			CommVault Drive Redirect
		</name>
		<note>
			Cleanly redirect drive.commvault.com to cloud.commvault.com\mydrive
		</note>
		<condition name="host" next="or" operator="equal">
			drive.commvault.com
		</condition>
		<condition name="host" next="or" operator="equal">
			edgedrive.commvault.com
		</condition>
		<from casesensitive="true">
			/**
		</from>
		<to type="redirect" qsappend="true">
			https://drive.commvault.com/webconsole/mydrive
		</to>
	</rule>
</urlrewrite>

